tweet,clean,date,time,link
"Though we already miss all of you, we are more concerned for your safety and well-being. We have to temporarily close our doors to the public in compliance with the enhanced community quarantine against the COVID-19… https://www.instagram.com/p/B9zFYqdlD6o/?igshid=197nb77l7jlib",though already miss concerned safety well temporarily close doors public compliance enhanced community quarantine covid,2020-03-16,14:39:40+00:00,https://twitter.com/WilsonandAyache/status/1239561981398573056
"4th is the very best,if this duggong ordered at once rhe blocking of all chinese nationals from entering our ports and airports,there is no way for ncov to enter our country",4th best duggong ordered rhe blocking chinese nationals entering ports airports way ncov enter country,2020-01-31,21:41:41+00:00,https://twitter.com/junepineda8/status/1223360728167415808
NCov Is less lethal than SARS but more contagious and infectious. The first death outside of China is a 44 year old male who suddenly died without the public being alerted on day one or even at ICU. Being young he must have been immune competent. Are we missing something?,ncov less lethal sars contagious infectious first death outside china year old male suddenly died without public alerted day even icu young must immune competent missing something,2020-02-03,04:50:04+00:00,https://twitter.com/DrTonyLeachon/status/1224193312858374146
NCov Is less lethal than SARS but more contagious and infectious. The first death outside of China is a 44 year old male who suddenly died without the public being alerted on day one or even at ICU. Being young he must have been immune competent. Are we missing something?,ncov less lethal sars contagious infectious first death outside china year old male suddenly died without public alerted day even icu young must immune competent missing something,2020-02-03,04:47:40+00:00,https://twitter.com/DrTonyLeachon/status/1224192707687354369
NCov Is less lethal than SARS but more contagious and infectious. The first death outside of China is a 44 year old male who suddenly died without the public being alerted on day one or even at ICU. Being young he must have been immune competent. Are we missing something?,ncov less lethal sars contagious infectious first death outside china year old male suddenly died without public alerted day even icu young must immune competent missing something,2020-02-03,04:48:05+00:00,https://twitter.com/DrTonyLeachon/status/1224192812276543488
NCov Is less lethal than SARS but more contagious and infectious. The first death outside of China is a 44 year old male who suddenly died without the public being alerted on day one or even at ICU. Being young he must have been immune competent. Are we missing something?,ncov less lethal sars contagious infectious first death outside china year old male suddenly died without public alerted day even icu young must immune competent missing something,2020-02-03,04:48:30+00:00,https://twitter.com/DrTonyLeachon/status/1224192919076102145
NCov Is less lethal than SARS but more contagious and infectious. The first death outside of China is a 44 year old male who suddenly died without the public being alerted on day one or even at ICU. Being young he must have been immune competent. Are we missing something?,ncov less lethal sars contagious infectious first death outside china year old male suddenly died without public alerted day even icu young must immune competent missing something,2020-02-03,04:49:14+00:00,https://twitter.com/DrTonyLeachon/status/1224193101327036416
NCov Is less lethal than SARS but more contagious and infectious. The first death outside of China is a 44 year old male who suddenly died without the public being alerted on day one or even at ICU. Being young he must have been immune competent. Are we missing something?,ncov less lethal sars contagious infectious first death outside china year old male suddenly died without public alerted day even icu young must immune competent missing something,2020-02-03,04:49:23+00:00,https://twitter.com/DrTonyLeachon/status/1224193140241780736
"We support the Philippine government’s effort to contain the spread the COVID-19. In this light, our clinic will be CLOSED until further notice. Kindly contact us for online consultation, scheduling of treatments,… https://www.instagram.com/p/B90csbbp_3T/?igshid=10bkgfyby8ggz",support philippine governments effort contain spread covid light clinic closed notice kindly contact us online consultation scheduling treatments,2020-03-17,03:22:37+00:00,https://twitter.com/dermalogique1/status/1239753981892669442
"In cooperation with the national efforts to prevent the spread of Covid-19, pls be informed that Toyota Bacoor Cavite will have no operations &amp; will be closed until further notice. We encourage our customers &amp; members to promote general welfare by staying at home. Stay safe! – at TOYOTA BACOOR CAVITE",cooperation national efforts prevent spread covid pls informed toyota bacoor cavite operations closed notice encourage customers members promote general welfare staying home stay safe toyota bacoor cavite,2020-03-16,14:23:29+00:00,https://twitter.com/TyphoonRain/status/1239557908213297153
Off timing. We need media right now in info dissemination during this crisis. #nCoV_2019 - our government needs focus on main goals confronting our country. Who’s in charge right now ? ,timing need media right info dissemination crisis government needs focus main goals confronting country whos charge right,2020-02-10,04:40:45+00:00,https://twitter.com/DrTonyLeachon/status/1226727681451933697
Maybe un ginaganap na Bentahan sa loob ng QC Circle na bentahan ng Murang Gulay na Mabisang Panlaban sa #Covid Laking Tulong pa sa mga Magsasaka Natin :),maybe ginaganap bentahan loob qc circle bentahan murang gulay mabisang panlaban laking tulong magsasaka natin,2020-03-07,02:50:03+00:00,https://twitter.com/MrPepsiLLas/status/1236121907855904769
Nothing to PANIC Nothing to WORRY HE is with us I have survive CANCER THEN I will survive COVID-19 #trustinHIM @Resurrection of Our Lord Parish (ROLP) - Paltok https://www.instagram.com/p/B9og4kwn6KRRrNZkFe6CNCDNWp2kNuzY6I35A00/?igshid=1rxlwfjtemdkw,nothing panic nothing worry us survive cancer survive covid lord parish rolp paltok,2020-03-12,12:08:18+00:00,https://twitter.com/james_rhett/status/1238074334771580931
buti nalang hindi namin need makipagsabayan sa mga bumibili ng alcohol ngayon kase wala pa mang “ncov” may stock na akong dalawang bote... Laking tulong den saken na adik ako sa alcohol ,buti need makipagsabayan bumibili alcohol kase mang ncov stock akong dalawang bote laking tulong saken adik alcohol,2020-03-14,14:41:31+00:00,https://twitter.com/lynassen/status/1238837671125864452
"Today I learned that PGH will be designated as a CoVid center of NCR. Today I learned that one of my previous intern, now a resident from my previous hospital was intubated after experiencing difficulty of breathing. Today I learned that 2 of my previous mentors were confined. ",today learned pgh designated covid center ncr today learned previous intern resident previous hospital intubated experiencing difficulty breathing today learned previous mentors confined,2020-03-20,13:20:23+00:00,https://twitter.com/shielaputol_md/status/1240991578056871937
"Ayan, uso n naman magpanic dahil sa COVID-19. Eto lang masasabi ko n malaking tulong pampalakas ng resistensya. Details: http://Bit.ly/OrderOneOptiJuice #Philippines #covidoutbreak #COVID2019 #covid #Pinoy #Filipino #MetroManila #healthiswealth #prevention #healthylifestyle",ayan uso magpanic covid masasabi malaking tulong pampalakas resistensya details,2020-03-09,15:25:04+00:00,https://twitter.com/sulatnabentapa/status/1237036688351739906
"Sa totoo lang, mas natatakot ako sa train of thought ni Duterte kaysa sa COVID-19. Sa ganitong sitwasyon, pulis at militar talaga ang ikakalat? Bakit hindi health professionals? Mukhang sinasamantala na naman ng mga naghahari-harian ang sitwasyon. Martial Law? Abangan.",totoo natatakot train thought duterte covid ganitong sitwasyon pulis militar ikakalat health professionals mukhang sinasamantala naghahari harian sitwasyon martial law abangan,2020-03-12,13:55:58+00:00,https://twitter.com/_chadandaya/status/1238101430054973440
Decided to cancel my Macau/Hong Kong trip this February. Disneyland and Ocean Park are temporarily closed. Hoping that this nCov concern will be contained and resolved the soonest. ,decided cancel macau hong trip february disneyland ocean park temporarily closed hoping ncov concern contained resolved soonest,2020-01-26,23:52:02+00:00,https://twitter.com/ShearlMarwin/status/1221581593438896128
Kasing bilis ng Ncov,kasing bilis ncov,2020-03-11,12:39:25+00:00,https://twitter.com/ygnravelo/status/1237719780058005504
Mag lagay ng alcohol sa kamay para maiwas sa COVID 19 @Sitio San Roque Brgy. Sangandaan Q.c https://www.instagram.com/p/B9tAXjehIEl/?igshid=4d3rieemw0so,alcohol kamay maiwas covid roque brgy sangandaan,2020-03-14,06:00:22+00:00,https://twitter.com/jaypeeboyadizas/status/1238706518205349894
"Sa mga concerned na ahensya, paigtingin ang kampanya para maisulong ang kahalagahan ng proper hygiene at iba pang hakbang para makaiwas sa covid 19 tulad ng proper coughing etiquette, pagpostpone ng mga mass gatherings atbp",concerned ahensya paigtingin kampanya maisulong kahalagahan proper hygiene hakbang makaiwas covid proper coughing etiquette pagpostpone mass gatherings atbp,2020-03-13,06:11:17+00:00,https://twitter.com/carizperegrino/status/1238346877847736320
"Si ate nga na laging nasa hospital, mas prone mahawaan ng nCoV ano nahawaan ba siya???? MY GOSH TALAGA.",ate nga laging nasa hospital prone mahawaan ncov nahawaan gosh,2020-02-08,00:45:07+00:00,https://twitter.com/samnthjyx/status/1225943608349454338
Wild animals are not meant to be eaten. Most deadly virus came from them. AIDS from chimpanzees EBOLA is prevalent among monkeys Rabies from most forest animals including racoon & bats SARS and nCOV from small mammals.,wild animals meant eaten deadly virus came aids chimpanzees ebola prevalent among monkeys rabies forest animals including racoon bats sars ncov small mammals,2020-01-30,23:38:11+00:00,https://twitter.com/jazjez08/status/1223027658532904960
You can fight me but the government doesn’t seem to care. If anything worst happens to us. You should be charged for treason. #nCoV,fight government doesnt seem anything worst happens us charged treason,2020-01-31,00:47:06+00:00,https://twitter.com/blu3inblu3/status/1223045002684534784
Sabi nung nag-comment sa FB post ko...”DAPAT NOON PA HINDE NA PINAPASOK ANG MGA CHINESE NATIONALS DITO SA ATIN. DAHIL SILA ANG DAHILAN SA PRESENT SITUATION NATIN AS IN ANG NAGDALA NG COVID-19.” - to be continued...,nag comment fb post pinapasok chinese nationals dahilan present situation natin nagdala covid continued,2020-03-12,03:59:49+00:00,https://twitter.com/YvetteYzon/status/1237951402602713088
"If you want the latest on CoVid19 straight from DOH, join their official Viber Group, DOH PH COVID-19 Chatting is disabled, so you’ll only receive what’s latest #COVID2019 #COVID19PH",latest covid19 straight doh join official viber group doh ph covid chatting disabled youll receive whats latest,2020-03-18,09:43:14+00:00,https://twitter.com/Jannn1129/status/1240212154533343233
"From Montalban, Rizal to Makati, I always leave the house 3 hrs before my shift. Kung mas aagahan ko pa aba baka magka-COVID-19 din ako dahil lagapak na resistensya ko. ",montalban rizal makati always leave house hrs shift aagahan aba baka magka covid lagapak resistensya,2020-03-16,05:20:19+00:00,https://twitter.com/theLDexperience/status/1239421214331785216
"TB is a bacterial infection, nCoV is viral. Kaya trending sya ngayon. Paki-RT mga DDS! #0202 #02022020",tb bacterial infection ncov viral trending sya paki rt dds,2020-02-02,06:53:46+00:00,https://twitter.com/DaOtherEye/status/1223862054844391425
JUST IN: A congressional staff member from the House of Representatives who is considered as Person Under Investigation died without knowing the results of CoVID 19 test,congressional staff member house representatives considered person investigation died without knowing results covid test,2020-03-21,02:23:25+00:00,https://twitter.com/kim_badbadon/status/1241188636629950465
House confirms a congressional staff member died without knowing results for own COVID 19 test. details to follow,house confirms congressional staff member died without knowing results covid test details follow,2020-03-21,03:06:20+00:00,https://twitter.com/kim_badbadon/status/1241199437306707969
Happy Valentines Day people! May quick survey ako today: #Jojowain o N-nCoV-in ? (NCoV: no cash on valentines day). Vote wisely. #ValentinesDay2020 #Valentines,happy valentines day people quick survey today ncov ncov cash valentines day vote wisely,2020-02-14,01:34:55+00:00,https://twitter.com/gonnabedess/status/1228130466009513990
"BALA KA NA JAN BHE. MALAKI KA NA. KAIN KA NALANG MARAMING BIGAS PARA IWAS COVID 19, SABI NI d¡g0nG ;* ",bala jan bhe malaki kain maraming bigas iwas covid dg0ng,2020-03-10,10:17:31+00:00,https://twitter.com/jnsnbdjcdrn/status/1237321679061147649
NCOV. NO CASH ON VALENTINES ,ncov cash valentines,2020-02-08,14:28:51+00:00,https://twitter.com/nchkhn0624/status/1226150907517136898
nCOV No Cash On Valentine’s,ncov cash valentines,2020-02-07,02:10:44+00:00,https://twitter.com/jayveebaraquel/status/1225602766610911232
NCoV- NEED CASH ON VALENTINES,ncov need cash valentines,2020-02-10,03:14:57+00:00,https://twitter.com/rolan_mndr/status/1226706089564991488
NCOV No Cash On Valentines ,ncov cash valentines,2020-02-10,04:38:48+00:00,https://twitter.com/joshoacaballero/status/1226727190965805058
may ncov ako ngayon no cash on valentines ,ncov cash valentines,2020-02-14,00:51:29+00:00,https://twitter.com/ADimaano21/status/1228119537071120384
The flu yung pumapasok sa isip ko pag covid 19 yung pinaguusapan,flu pumapasok isip covid pinaguusapan,2020-03-16,08:22:11+00:00,https://twitter.com/name_geryme/status/1239466981192896512
Survived the 1 week WFH! The work arrangement that we all asked for seems not that cool. #WFH #Covid_19,survived week wfh work arrangement asked seems cool,2020-03-20,09:20:08+00:00,https://twitter.com/mytravelinglife/status/1240931116510371841
Marami akung kilala na may NCov. ( No Cash on Valentines ) ,akung kilala ncov cash valentines,2020-02-09,14:37:10+00:00,https://twitter.com/GOODDRILLER/status/1226515386184548352
NCOV = No Cash On Valentines.,ncov cash valentines,2020-02-09,14:40:24+00:00,https://twitter.com/_joedenn/status/1226516201355919362
ncov? no cash on valentine’s??,ncov cash valentines,2020-02-14,04:54:48+00:00,https://twitter.com/karlazzle/status/1228180769329176578
Meron na daw confirmed covid case sa ust hospital.. ampota kahit katabi ko lang office namin nakakatakot na lumabas..,meron daw confirmed covid case ust hospital ampota katabi office nakakatakot lumabas,2020-03-14,15:23:41+00:00,https://twitter.com/ejmooooo/status/1238848281037254657
May this covid-19 pandemic remind us to #VoteWisely next election.,covid pandemic remind us next election,2020-03-12,13:06:35+00:00,https://twitter.com/ulybog/status/1238089001560502272
"tungunuh ngayong meron na case baka sasabihin na naman nya ""kainin ko pa yang coronavirus na yan"" ",tungunuh ngayong meron case baka sasabihin nya kainin yang coronavirus yan,2020-01-30,08:52:53+00:00,https://twitter.com/heyyo_mama/status/1222804868710092801
Shocks. Meron na positive case ng COVID sa Diliman Doctors. Ang lapit na sa’min.,shocks meron positive case covid diliman doctors lapit,2020-03-15,13:44:34+00:00,https://twitter.com/triciaannv/status/1239185725096112128
"Ebarg, selfie muna bago mag ka ncov. :&lt; ",ebarg selfie muna ncov lt,2020-03-11,15:58:29+00:00,https://twitter.com/ecyoj_tagamu/status/1237769873129795584
Selfie muna before the “Manila Lockdown” announcement. #COVID – at SM Light Residences,selfie muna manila lockdown announcement sm light residences,2020-03-12,10:14:57+00:00,https://twitter.com/vlad_castillo/status/1238045808542375937
This covid-19 issue makes me paranoid. Feeling ko makati lagi lalamunan ko tapos kwekwestyonin ko kung nahihirapan ba akong huminga,covid issue makes paranoid feeling makati lalamunan tapos kwekwestyonin nahihirapan akong huminga,2020-03-14,11:05:17+00:00,https://twitter.com/emilflavor/status/1238783251927273472
"Experiencing headache, runny nose, cold. Symptoms of flu not COVID 19",experiencing headache runny nose cold symptoms flu covid,2020-03-12,14:34:29+00:00,https://twitter.com/justArvinaMae/status/1238111121686409216
NCoV no chupa on Valentines,ncov chupa valentines,2020-02-11,07:17:02+00:00,https://twitter.com/_jaypeelim/status/1227129399599755264
Tan asks Duque about the person under investigation for possible 2019-nCoV infection who died due to pneumonia.,tan asks duque person investigation possible ncov infection died due pneumonia,2020-01-29,10:48:31+00:00,https://twitter.com/kim_badbadon/status/1222471579986083840
Bakit ba yung ibang tao sinasabi na sana maganda rin kaming mga pangit at sana sikat din kaming mga pangit kase lahat ng magaganda sikat at pinapahalagahan bakit kameng wala sa muka bihira nalng pahalagahan ang hirap guyss#Covid_19PH,ibang tao sinasabi maganda rin kaming pangit sikat kaming pangit kase magaganda sikat pinapahalagahan kameng muka bihira nalng pahalagahan hirap guyss,2020-03-15,06:06:17+00:00,https://twitter.com/ashdayan1/status/1239070395845595136
"Tumataas ’yung bilang ng may confirmed cases ng COVID-19. ’Yung dami ng taong hindi nagfa-fact check, tumataas din.",tumataas confirmed cases covid dami taong nagfa fact check tumataas,2020-03-15,17:14:17+00:00,https://twitter.com/mariagratia_/status/1239238504187478016
MGA KA-ROCKERS makinig kay Doc Willie Ong HINDI SOLUSYON ang SAGING sa COVID: Fake News at Fake Video ang nakita nyo ! Karamihan ng gulay at prutas ay masustansya. Health Advisory ni Doc Willie Ong Ang SAGING… https://www.instagram.com/p/B9yoUWSD-Ry/?igshid=1u5pda403e3qm,rockers makinig kay doc willie ong solusyon saging covid fake news fake video nyo gulay prutas masustansya health advisory doc willie ong saging,2020-03-16,10:27:47+00:00,https://twitter.com/osangsoliven/status/1239498590344687616
Sometimes nagpopost ako Sa FB about covid 19 then later binubura ko din if narealize ko na parang praning Na ako. Morissette NewYouTubeVlog @its_morissette Asias Phoenix,sometimes nagpopost fb covid later binubura narealize parang praning morissette newyoutubevlog asias phoenix,2020-03-13,11:56:58+00:00,https://twitter.com/markmasalunga/status/1238433868945838085
Sa mga naniniwala dun sa saging va covid... Nawa po’y ikasaya niyo at ikatigas ng tae niyo ang mga saging na lalamunin ninyo.,naniniwala dun saging covid nawa poy ikasaya niyo ikatigas tae niyo saging lalamunin ninyo,2020-03-15,14:23:40+00:00,https://twitter.com/ulybog/status/1239195566787055619
Kung pwede lang mawala ng isang iglap ang covid 19 Sa buong mundo. Morissette NewYouTubeVlog @its_morissette Asias Phoenix,pwede mawala iglap covid buong mundo morissette newyoutubevlog asias phoenix,2020-03-13,11:46:39+00:00,https://twitter.com/markmasalunga/status/1238431274391318532
Eto good news: Antibody Molecular Technique for nCov discovered paving way for vaccine production :),good news antibody molecular technique ncov discovered paving way vaccine production,2020-01-30,18:13:53+00:00,https://twitter.com/enzgab_/status/1222946048844288000
Straight nami sgeg inom pra iwas dw ncov hahahahahahahaha,straight sgeg pra iwas dw ncov,2020-03-15,14:06:42+00:00,https://twitter.com/Bvrlyjane16/status/1239191294422872069
paaraw daw pra iwas covid sabi ni ny selfieeee ,paaraw daw pra iwas covid ny selfieeee,2020-03-17,00:23:14+00:00,https://twitter.com/maaaaafbt/status/1239708839504515073
Na buang njud sge namig inom ani pra iwas covid dw hahahahaha,buang njud sge namig ani pra iwas covid dw,2020-03-14,15:14:55+00:00,https://twitter.com/Bvrlyjane16/status/1238846072706887680
Kami na lang ba ang di nagpapanic buying? Mas nagpapanic ako sa mga nagpapanic at sa preemptive posts. #COVID19 #COVID #CoronavirusPandemic,nagpapanic buying nagpapanic nagpapanic preemptive posts,2020-03-12,11:11:35+00:00,https://twitter.com/gladisigeroj/status/1238060062943219718
Dapt ipag bawal tlga Yan. Kay nga suspended class nila pra Iwas sa NCOV,dapt ipag bawal tlga yan kay nga suspended class pra iwas ncov,2020-03-10,10:09:01+00:00,https://twitter.com/fhesam/status/1237319539894829057
"Yung iba nag Papanic Buying, Ako nakiki Nerbyos na lng #Covid_19 #panicbuying",nag papanic buying nakiki nerbyos lng,2020-03-13,05:59:48+00:00,https://twitter.com/imjoemar28/status/1238343986340757505
"JUST IN: DepEd releases memorandum detailing guidelines for the prevention & control of 2019 nCoV ARD, among them the postponement of its national &amp; regional activities for February 2020. All off-campus activities are also suspended. ",deped releases memorandum detailing guidelines prevention control ncov ard among postponement national regional activities february campus activities suspended,2020-02-04,15:08:04+00:00,https://twitter.com/kim_badbadon/status/1224711223331168256
CHED directs all higher education institutions (HEIs) to observe these guidelines to prevent the spread of NcoV. This includes discussing among themselves suspending events (ie athletic) that will involve the congregation of students... ,ched directs higher education institutions heis observe guidelines prevent spread ncov includes discussing among suspending events ie athletic involve congregation students,2020-02-11,14:09:38+00:00,https://twitter.com/Jasmin_Romero/status/1227233233395318785
Panoorin mo to tapos panoorin mo ulit yung presscon ni Duterte. #Covid_19PH,panoorin mo tapos panoorin mo ulit presscon duterte,2020-03-14,13:28:49+00:00,https://twitter.com/Portupine/status/1238819372518395904
"Pwdeng kaya iisa ang confirmed na kaso sa Pilipinas ay dahil: wala tayong sapat na kakayanan para malaman ng MABILIS kung ang isang kaso ay kumpirmadong #nCov2019. Pangalawa, sa tagal ng incubation period ng nCov, pwedeng may virus na sa katawan mo pero wala pang sintomas.",pwdeng iisa confirmed kaso pilipinas tayong sapat kakayanan malaman mabilis kaso kumpirmadong tagal incubation period ncov pwedeng virus katawan mo sintomas,2020-02-01,11:21:02+00:00,https://twitter.com/ProfLouie/status/1223566923746512899
TANG INA NG PRESSCON NI DUTERTE. FROM UPDATES ABOUT SA COVID-19 TO POGOs REAL QUICK HAHAHAHAHA MAMATAY KA NG HAYUP KA,tang ina presscon duterte updates covid pogos real quick mamatay hayup,2020-03-09,14:12:24+00:00,https://twitter.com/fernyshell/status/1237018404306870273
Ex-SOH and now Ilolilo Rep. Janette Garin lauds DOH’s designation of COVID hospitals: I would like to commend the Department of Health for heeding the call and designating specific hospitals to cater only to COVID-19 patients.,ex soh ilolilo rep janette garin lauds dohs designation covid hospitals would like commend department health heeding call designating specific hospitals cater covid patients,2020-03-20,10:53:53+00:00,https://twitter.com/kim_badbadon/status/1240954710326009858
"So how can we strictly enforce social distancing and municipality quarantine if LRT and MRT continue to be operational? Pag sumakay ako ng ayala, need ko na bumaba ng guadalupe para within the same city pa rin? LOL! #lockdown #Covid_19",strictly enforce social distancing municipality quarantine lrt mrt continue operational sumakay ayala need bumaba guadalupe within city rin lol,2020-03-12,14:00:04+00:00,https://twitter.com/havok_23/status/1238102461530796033
"GETTING TO KNOW YOU 1. Meccaella 2. AB English Language 3. twentyyyy (20) 4. none 5. nomasites, tutri 6. yes, to YOUNGK!!!! 7. yuuuuz 8. everyone’s safety and happiness &amp; stop covid’s world tour 9. uh hmm, yeah? yes. 10. egg maybe? like this and i’ll send u the questions",getting know meccaella ab english language twentyyyy none nomasites tutri yes youngk yuuuuz everyones safety happiness stop covids world tour uh hmm yeah yes egg maybe like send questions,2020-03-16,07:10:17+00:00,https://twitter.com/thebassisty1k/status/1239448887858876417
"To all the Frontliners, We appreciate all that you do! Praying for everyone’s safety as you battle against COVID-19. #FlattenTheCurve",frontliners appreciate praying everyones safety battle covid,2020-03-18,10:52:46+00:00,https://twitter.com/marbeemhei/status/1240229653081554944
Grabee grabeeeh halos cancelled ang mga ganap lalo this March and April...its for everyone’s safety naman so goow lang. Kalisod ba ani oy. COVID anuna?! ,grabee grabeeeh halos cancelled ganap lalo march april everyones safety goow kalisod ani oy covid anuna,2020-03-12,14:05:11+00:00,https://twitter.com/jeshyel_dr/status/1238103749798715394
"As COVID-19 hits, pollution stops and our Mother Earth heals. Praying for everyone’s safety. IG: @noelontheroad ",covid hits pollution stops mother earth heals praying everyones safety ig,2020-03-18,09:34:35+00:00,https://twitter.com/noelontheroad/status/1240209979975458816
"#AranetaCityUpdates For everyone’s safety and in support of the government directives to help prevent the spread of COVID-19, we are temporarily closing our 3 Malls - Gateway Mall, Ali Mall and Farmers Plaza starting today, March 16, 2020. ",everyones safety support government directives help prevent spread covid temporarily closing malls gateway mall mall farmers plaza starting today march,2020-03-15,22:39:35+00:00,https://twitter.com/AranetaCity/status/1239320368243851264
In light of nCov and as precautionary measure there’s a temp check pt for everyone entering Light. The 3rd flr mall elev connecting to Light has a no entry/exit sign too. Mejo hassle but go push for everyone’s safety.,light ncov precautionary measure theres temp check pt everyone entering light 3rd flr mall elev connecting light entry exit sign mejo hassle go push everyones safety,2020-02-02,12:26:27+00:00,https://twitter.com/zayzaislets/status/1223945776021196806
Eat Bulaga has no live audience due to covid-19. I think dapat din ‘tong gawin ng ibang show that requires audience. It’s for everyone’s safety.,eat bulaga live audience due covid think gawin ibang show requires audience everyones safety,2020-03-09,06:23:19+00:00,https://twitter.com/mahnaipo/status/1236900354861568000
"As COVID-19 hits, pollution stops and our Mother Earth heals. Praying for everyone’s safety. More photos on IG: @noelontheroad",covid hits pollution stops mother earth heals praying everyones safety photos ig,2020-03-20,01:14:31+00:00,https://twitter.com/noelontheroad/status/1240808906575597569
"Hindi naman makakabawas ng case nang Covid yung pag babash nyo sa government eh, be mindful sa mga sinasabi nyo kung nakakatulong or hindi. ",makakabawas case covid babash nyo government mindful sinasabi nyo nakakatulong,2020-03-15,03:39:13+00:00,https://twitter.com/junjunathancp/status/1239033382316589056
"Santolan Pasig -WALA. Paging @VicoSotto paki kalampag nga po. Noong eleksyon ang sisipag magbahay-bahay. Nung pasko, may pa-party pa. Ngayon na may #Covid_19 wait lang daw. Isang lingo na kaming naghintay sa wala.",santolan pasig paging paki kalampag nga noong eleksyon sisipag magbahay bahay pasko party wait daw lingo kaming naghintay,2020-03-21,22:00:27+00:00,https://twitter.com/Deactivate2585/status/1241484844212858882
Check COVID BULLETIN updates on @IloveTaguig1 ,check covid bulletin updates,2020-03-14,06:02:42+00:00,https://twitter.com/dingdongbahan/status/1238707105571303424
He’s not even showing up mas malala pa yung sakit niya sa utak kaysa sa COVID-19 so he need not to worry about other people touching him coz no one would. (oopsz yung mga tuta niya pala kaya siyang hawakan dahil pare-parehas naman sila) ,hes even showing malala sakit utak covid need worry people touching coz would oopsz tuta pala siyang hawakan pare parehas,2020-03-09,12:34:27+00:00,https://twitter.com/leiixbianca/status/1236993754453565440
"nag-away kami ni mama dahil sa NCOV na yan, though gusto nya akong malayo sa sakit na yon, kaso usto ko lumabas ng bansa sa Holy week, pero buti maganda yung kapalit ng pagpunta ko ng Taiwan",nag away mama ncov yan though nya akong malayo sakit kaso lumabas bansa holy week buti maganda kapalit pagpunta taiwan,2020-02-24,04:27:38+00:00,https://twitter.com/iammarkrius/status/1231797812880232448
"Kahit na mag-hoard ka ng mga alcohol na kayang punuin ang isang Olympic-size Swimming Pool, kung ’yong kapit-bahay mo naman na wala nang mabili ay nahawaan ng CoVID-19, ikaw pa rin ang talo. Kaya please, stop hoarding and panic buying. Maawa kayo sa ibang tao mga peste kayo.",hoard alcohol kayang punuin olympic size swimming pool kapit bahay mo mabili nahawaan covid rin talo please stop hoarding panic buying maawa ibang tao,2020-03-12,11:11:37+00:00,https://twitter.com/supremodale/status/1238060071638065154
Mag JAKOL para makaiwas sa COVID 19 J- Just stay at home A- Always sanitize your hands K- Keep your hands clean O- On time maligo L- Lumayo sa matataong lugar Ligtas ang laging nag ja-JAKOL,jakol makaiwas covid stay home always sanitize hands keep hands clean time maligo lumayo matataong lugar ligtas laging nag jakol,2020-03-12,13:46:12+00:00,https://twitter.com/kyriemigs1/status/1238098974516449285
Mag JAKOL para makaiwas sa COVID 19 J- Just stay at home A- Always sanitize your hands K- Keep your hands clean O- On time maligo L- Lumayo sa matataong lugar Ligtas ang laging nag ja-JAKOL. ,jakol makaiwas covid stay home always sanitize hands keep hands clean time maligo lumayo matataong lugar ligtas laging nag jakol,2020-03-13,06:16:55+00:00,https://twitter.com/frazierbautsta_/status/1238348296722079745
Mag JAKOL para makaiwas sa COVID 19 J- Just stay at home A- Always sanitize your hands K- Keep your hands clean O- On time maligo L- Lumayo sa matataong lugar Ligtas ang laging nag ja-JAKOL,jakol makaiwas covid stay home always sanitize hands keep hands clean time maligo lumayo matataong lugar ligtas laging nag jakol,2020-03-12,14:16:42+00:00,https://twitter.com/NekolBarbadillo/status/1238106647764987905
Mag JAKOL para makaiwas sa COVID 19 J- Just stay at home A- Always sanitize your hands K- Keep your hands clean O- On time maligo L- Lumayo sa matataong lugar Ligtas ang laging nag ja-JAKOL,jakol makaiwas covid stay home always sanitize hands keep hands clean time maligo lumayo matataong lugar ligtas laging nag jakol,2020-03-13,02:30:23+00:00,https://twitter.com/_andreejabal/status/1238291286982942720
Mag JAKOL para makaiwas sa COVID 19 J- Just stay at home A- Always sanitize your hands K- Keep your hands clean O- On time maligo L- Lumayo sa matataong lugar Ligtas ang laging nag ja-JAKOL pass this message,jakol makaiwas covid stay home always sanitize hands keep hands clean time maligo lumayo matataong lugar ligtas laging nag jakol pass message,2020-03-12,14:38:08+00:00,https://twitter.com/Mtthwjcslm04/status/1238112040863936514
Mag JAKOL para makaiwas sa COVID 19 J- Just stay at home A- Always sanitize your hands K- Keep your hands clean O- On time maligo L- Lumayo sa matataong lugar Ligtas ang laging nag ja-JAKOL pass this message sa lahat ng mahal nio sa buhay. God bless everyone Staf safe ah ,jakol makaiwas covid stay home always sanitize hands keep hands clean time maligo lumayo matataong lugar ligtas laging nag jakol pass message mahal nio buhay god bless everyone staf safe ah,2020-03-12,15:38:22+00:00,https://twitter.com/TheGreatBrylle/status/1238127199045079040
Mag JAKOL para makaiwas sa COVID 19 J- Just stay at home A- Always sanitize your hands K- Keep your hands clean O- On time maligo L- Lumayo sa matataong lugar Ligtas ang laging nag ja-JAKOL,jakol makaiwas covid stay home always sanitize hands keep hands clean time maligo lumayo matataong lugar ligtas laging nag jakol,2020-03-12,13:53:09+00:00,https://twitter.com/nichsledesma/status/1238100719665725441
Mag JAKOL para makaiwas sa COVID 19 J- Just stay at home A- Always sanitize your hands K- Keep your hands clean O- On time maligo L- Lumayo sa matataong lugar Ligtas ang laging nag ja-JAKOL pass this message,jakol makaiwas covid stay home always sanitize hands keep hands clean time maligo lumayo matataong lugar ligtas laging nag jakol pass message,2020-03-12,14:18:03+00:00,https://twitter.com/patiwakal2606/status/1238106988774436866
Mag JAKOL para makaiwas sa COVID 19 J- Just stay at home A- Always sanitize your hands K- Keep your hands clean O- On time maligo L- Lumayo sa matataong lugar Ligtas ang laging nag ja-JAKOL,jakol makaiwas covid stay home always sanitize hands keep hands clean time maligo lumayo matataong lugar ligtas laging nag jakol,2020-03-12,14:15:29+00:00,https://twitter.com/MirasolJeremiah/status/1238106340683165697
Mag JAKOL para makaiwas sa COVID 19 J- ust stay at home A- lways sanitize your hands K- eep your hands clean O- n time maligo L- umayo sa matataong lugar Ligtas ang laging nag ja-JAKOL,jakol makaiwas covid ust stay home lways sanitize hands eep hands clean time maligo umayo matataong lugar ligtas laging nag jakol,2020-03-12,15:34:03+00:00,https://twitter.com/Kylechrstian/status/1238126113324273665
"Remember: NO ONE WANTS TO GET SICK. Whether it’s nCov or HIV, no one wants to fall ill. No one wants to infect other people (except those with criminal minds). Everyone wants to get better. And the only way to get better is to get access to health services.",remember wants get sick whether ncov hiv wants fall wants infect people except criminal minds everyone wants get better way get better get access health services,2020-01-31,15:38:32+00:00,https://twitter.com/yogawithben/status/1223269340323012608
Hahahaha itong nanay ko kala mo lahat ng kasama ko may covid eh,itong nanay mo kasama covid,2020-03-15,04:30:55+00:00,https://twitter.com/pauondrada/status/1239046393794154496
"Covid lang yan, mahal mo pa sya ee ",covid yan mahal mo sya ee,2020-03-11,13:57:24+00:00,https://twitter.com/emsi_arvic/status/1237739401532211201
"One takeaway from this nCov pandemic is that we should strengthen and add more teeth to laws against opportunists who add to the widespread panic and hysteria (i.e. those who share and peddle fake news, those who sell basic commodities at ridiculously high prices, etc.)",takeaway ncov pandemic strengthen add teeth laws opportunists add widespread panic hysteria share peddle fake news sell basic commodities ridiculously high prices etc,2020-03-12,07:20:02+00:00,https://twitter.com/claudiopoy/status/1238001790982828032
"May Arab kanina na lumapit sakin, nakikipag shake hands kase daw I was too kind. But I refuse the shake hands and wave in a polite way. #Covid_19",arab kanina lumapit sakin nakikipag shake hands kase daw kind refuse shake hands wave polite way,2020-03-13,09:40:15+00:00,https://twitter.com/gnnsrrno/status/1238399466924720128
COVID carriers could be among us. Tuloy lang ang precaution. Disinfect hands always. Carry a small spray bottle of alcohol with you.,covid carriers could among us tuloy precaution disinfect hands always carry small spray bottle alcohol,2020-03-01,23:51:57+00:00,https://twitter.com/DominoG/status/1234265146173714432
"When u do, sama mo na ako sa shake hands. After CoVid para mas safe. Thank you in advance .",mo shake hands covid safe thank advance,2020-03-19,06:01:55+00:00,https://twitter.com/MineIsSe7en/status/1240518847167205376
Hi guyszx reminder lang na ugaliing maligo dahil proper hygiene ang isa sa pinaka mabisang panlaban sa nCoV ,hi guyszx reminder ugaliing maligo proper hygiene pinaka mabisang panlaban ncov,2020-03-14,08:21:54+00:00,https://twitter.com/phoebecruz425/status/1238742135144243200
Mabisang panlaban sa covid-19 yan!!,mabisang panlaban covid yan,2020-03-18,16:24:49+00:00,https://twitter.com/manansalarengie/status/1240313216359518208
uminom ka lang..mabisang panlaban yan sa covid ,uminom mabisang panlaban yan covid,2020-03-16,14:24:40+00:00,https://twitter.com/aj_paril/status/1239558205144846342
#happening 3.3.20 @morning convocation..speaker - doc malu..topic - all about covid 19..#etiqaphilippines #etiqaph #etiqaMOD #morningconvocation .. @Oppen Building Sen. Gil Puyat Ave. Makati https://www.instagram.com/p/B9NkY6MB9PF/?igshid=1drx6d7encxzy,convocation speaker doc malu topic covid building gil puyat ave makati,2020-03-02,00:59:27+00:00,https://twitter.com/ilovemodfamily/status/1234282134145323008
#happening 3.3.20 @morning convocation..speaker - doc malu..topic - all about covid 19..#etiqaphilippines #etiqaph #etiqaMOD #morningconvocation .. @Oppen Building Sen. Gil Puyat Ave. Makati https://www.instagram.com/p/B9NkOwkhOrk/?igshid=16831t0j4svvv,convocation speaker doc malu topic covid building gil puyat ave makati,2020-03-02,00:58:05+00:00,https://twitter.com/ilovemodfamily/status/1234281790065410049
Ayoko manuod ng mga video about sa covid na yan tapos may namatay na ganun dahil hindi siya umaalis sa isip ko so pray lang tayo ,ayoko manuod video covid yan tapos namatay ganun umaalis isip pray,2020-03-16,16:28:40+00:00,https://twitter.com/Lionelserrano26/status/1239589408988205057
#happening 3.3.20 @morning convocation..speaker - doc malu..topic - all about covid 19..#etiqaphilippines #etiqaph #etiqaMOD #morningconvocation .. @Oppen Building Sen. Gil Puyat Ave. Makati https://www.instagram.com/p/B9Nku9zBQfo/?igshid=ds9w0z9uzj3d,convocation speaker doc malu topic covid building gil puyat ave makati,2020-03-02,01:03:34+00:00,https://twitter.com/ilovemodfamily/status/1234283171438399488
Sabi ko na eh. Ito talaga ang mabisang panlaban sa NCOV. ,mabisang panlaban ncov,2020-03-09,04:03:47+00:00,https://twitter.com/martin_bravo88/status/1236865237556400130
We do not promote FERN-D para makabenta. You can do your own research about Vitamin D kung paano ito naging mabisang panlaban sa COVID-19. Wag magsawalang bahala! Mas okay ng protected ang katawan mo ng vitamin D… https://www.instagram.com/p/B9otFhupT36/?igshid=12t4h428vj69s,promote fern makabenta research vitamin mabisang panlaban covid magsawalang bahala okay protected katawan mo vitamin,2020-03-12,13:54:57+00:00,https://twitter.com/_riajazmine_/status/1238101175607668736
#happening 3.3.20 @morning convocation..speaker - doc malu..topic - all about covid 19..#etiqaphilippines #etiqaph #etiqaMOD #morningconvocation .. @Oppen Building Sen. Gil Puyat Ave. Makati https://www.instagram.com/p/B9NkSo7BSVv/?igshid=1wb1o3hzip0d6,convocation speaker doc malu topic covid building gil puyat ave makati,2020-03-02,00:58:35+00:00,https://twitter.com/ilovemodfamily/status/1234281918314811400
"Hanggang prayers nalang talaga yung ""Sana hindi na magpapasok ng chinese lalo na’t meron nang case ng NCov"" + walang kwenta healthcare system lalo na kung wala kang sapat na pera. Maiiyak ka nalang sa takot eh. Kasi kahit gaano mo kagusto ingatan pamilya mo, di mo magagawa ",prayers magpapasok chinese lalo nat meron case ncov kwenta healthcare system lalo kang sapat pera maiiyak takot kasi gaano mo kagusto ingatan pamilya mo mo magagawa,2020-01-30,10:21:41+00:00,https://twitter.com/alinaesparrago/status/1222827212254007299
It’s likely unlikely that that man has the balls to face the consequences of not declaring the blocking of chinese entering the country with ncov that hadn’t hatch yet and will surely incubate and spread to our very own citizenry ,likely unlikely balls consequences declaring blocking chinese entering country ncov hadnt hatch yet surely incubate spread citizenry,2020-02-01,23:40:33+00:00,https://twitter.com/junepineda8/status/1223753029481951234
DAPAT BA AKONG MAGSUOT NG FACE MASK? Alamin kung sino-sino ang kailangang magsuot ng face mask sa infographic na ito! Ugaliin ang mga Preventive Measures upang makaiwas sa mga Respiratory Illness katulad ng 2019-nCoV! #ItoangTotoo #PreventiveMeasures #novelcoronavirus2019,akong magsuot mask alamin kailangang magsuot mask infographic ugaliin preventive measures upang makaiwas respiratory illness ncov,2020-02-03,11:52:42+00:00,https://twitter.com/HIVAIDSAGROUPPH/status/1224299670710566913
seriously kawawa kaming ground crew/cabin crew sa ncov. ibat ibang nationalities na galing sa mga bansang affected na ng ncov ang nakakasalamuha namin araw araw. free face mask for us and we should have a right para magsuot ng face mask sa work. haist skl lol,seriously kawawa kaming ground crew cabin crew ncov ibat ibang nationalities galing bansang affected ncov nakakasalamuha araw araw free mask us right magsuot mask work haist skl lol,2020-01-23,10:46:39+00:00,https://twitter.com/tinlovesjul/status/1220296784074854400
Kung ano ano kasi kinakain tas di naghuhugas ng kamay. #coronavirus,kasi kinakain naghuhugas kamay,2020-01-24,00:42:48+00:00,https://twitter.com/minachin9kit/status/1220507205155246080
Nakakaalarma yung kay sen migs zubiri.. Walang travel history at lagi nag aalcohol at naghuhugas ng kamay pero positive sa covid and asymptomatic..,nakakaalarma kay migs zubiri travel history nag aalcohol naghuhugas kamay positive covid asymptomatic,2020-03-16,13:16:25+00:00,https://twitter.com/hardhitterjames/status/1239541030623383554
"Haha, sobrang bilib ako sa mga tunay na lalakeng hindi naghuhugas ng kamay pagkatapos umihi bago magkaroon ng covid-19, AT PATULOY PA RIN NA HINDI NAGHUHUGAS NGAYON. Rak en rol!!! ",sobrang bilib tunay lalakeng naghuhugas kamay umihi magkaroon covid patuloy rin naghuhugas rak rol,2020-03-07,13:32:49+00:00,https://twitter.com/tikbalang/status/1236283665417564161
"Imagine a world where we can’t hug or kiss, we’re preventing ourselves from holding hands, and we engage in intercourse wearing face masks amid our nakedness. Plus, next to our lube and condoms is a bottle of sanitizer or alcohol. This, ppl, is Love in The Time of CoViD 19.",imagine world cant hug kiss preventing holding hands engage intercourse wearing masks amid nakedness plus next lube condoms bottle sanitizer alcohol ppl love time covid,2020-03-07,07:51:55+00:00,https://twitter.com/shade_of_tee/status/1236197873617797121
"random convo sa bahay ft. ate and tita: tita: hala gel, bawal na daw magkiss, bawal na rin daw magholding hands ate: oo nga daw tita: buti pa si blanch, single ate: oo nga, safe me: single: covid-19: pede na ko lumayas, bye",random convo bahay ft ate tita tita hala gel bawal daw magkiss bawal rin daw magholding hands ate oo nga daw tita buti blanch single ate oo nga safe single covid pede lumayas bye,2020-03-13,11:02:54+00:00,https://twitter.com/shrewdymich/status/1238420266004312064
Trinay ko mag bun ng hair kasi sabi ng prof namin pag naka corpo dapat naka ayos na pati hair. Eh puta nag muka akong chinese. Baka akalain may nCov ako ,trinay bun hair kasi prof naka corpo naka ayos pati hair puta nag muka akong chinese baka akalain ncov,2020-01-30,14:13:38+00:00,https://twitter.com/Piiiyayaaa/status/1222885587746615298
Muka lang akong chill. Pero natatakot nako sa covid-19 haha.,muka akong chill natatakot nako covid,2020-03-09,06:53:42+00:00,https://twitter.com/pennylane0923/status/1236907999664300032
Mag JAKOL para makaiwas sa COVID 19 J- Just stay at home A- Always sanitize your hands K- Keep your hands clean O- On time maligo L- Lumayo sa matataong lugar Kaya JAKOL NA,jakol makaiwas covid stay home always sanitize hands keep hands clean time maligo lumayo matataong lugar jakol,2020-03-12,14:20:46+00:00,https://twitter.com/SarmientoChichi/status/1238107673276461056
may sipon lang ako pero wala ako ncov prends ,sipon ncov prends,2020-02-03,00:54:37+00:00,https://twitter.com/nixalcts/status/1224134060412301312
oh sht tangina sinisipon ako!!!!!!! IS THIS NCOV KINAKABAHAN NA AKO ,sht sinisipon ncov kinakabahan,2020-02-02,05:43:50+00:00,https://twitter.com/xxpeyuh/status/1223844455410589696
"ang init ko tapos may sipon, may ncov na ba ako?",init tapos sipon ncov,2020-03-16,06:12:43+00:00,https://twitter.com/_antondeleon/status/1239434400451813376
"When you compare Mayor @VicoSotto’s recent tweets to his older ones, you can sense he’s stressed and tired. But what’s admirable is he’s still very much in control. Unlike certain senators whose biggest problem during this covid-19 lock down is being made to wash the dishes.",compare mayor recent tweets older ones sense hes stressed tired whats admirable hes still much control unlike certain senators whose biggest problem covid lock made wash dishes,2020-03-17,07:17:39+00:00,https://twitter.com/PINOYthruNthru/status/1239813132169576448
DOH may be ‘underreporting’ on COVID-19 – Lacson https://newsinfo.inquirer.net/1238230/doh-may-be-underreporting-on-covid-19 Matagal na kayo niloloko ng DOH now nyo lang napansin na under reporting mga data ng DOH while the rest of the world are panicking for the daily rise of NCov19,doh underreporting covid lacson matagal niloloko doh nyo napansin reporting data doh rest world panicking daily rise ncov19,2020-03-07,20:31:06+00:00,https://twitter.com/DragonTaipan/status/1236388929823096832
tatay: tamang tama nag resign ka dahil sa ncov naku me: advance ako mag isip t: naknampota hahahaha mga tirada mo chet ,tatay tamang tama nag resign ncov naku advance isip naknampota tirada mo chet,2020-03-10,11:16:07+00:00,https://twitter.com/___lius/status/1237336425537761281
papawis mamaya. kahit may ncov. ,papawis mamaya ncov,2020-03-14,05:11:54+00:00,https://twitter.com/dengsacedon/status/1238694320112164865
same situation sa brother ko nag pa book sila for march 27-28 for wedding and fully paid na sila dahil sa ncov nag decide na lang sila ipa reseched but instead nang hihingi ulit ng another downpayment ang mga kupal tas di pa maibalik yung ibinayad nila ng buo -,situation brother nag book march wedding fully paid ncov nag decide ipa reseched instead hihingi ulit another downpayment kupal maibalik ibinayad buo,2020-03-18,08:08:43+00:00,https://twitter.com/kihyuniemx/status/1240188367616131077
Iwasan muna baka mamaya may ncov crush mo mahawa kapa,iwasan muna baka mamaya ncov crush mo mahawa kapa,2020-03-13,10:45:14+00:00,https://twitter.com/gerardxx16/status/1238415817357676545
I just don’t underetand why people are more afraid of the nCOV than measles which has a higher mortality rate ,dont underetand people afraid ncov measles higher mortality rate,2020-02-07,10:54:37+00:00,https://twitter.com/jr_agcaoili/status/1225734604146921473
Gov said nCoV didn’t like warm weather ,gov said ncov didnt like warm weather,2020-02-04,11:37:58+00:00,https://twitter.com/djjoeysantos/status/1224658351386087424
So ayon sa chika merong may NCOV sa kabilang building namin sa work! We share the same smoking area pa naman!,ayon chika merong ncov kabilang building work share smoking area,2020-03-10,22:55:20+00:00,https://twitter.com/shihaoui/status/1237512390624698369
"Pag ganito ang sitwasyon sa bansa, etong mga Internet services natin SANA MAAYOS man lang at hindi ganito kabagal. Kasi Internet na lang ang kakapitan ng mga tao para mag-stay sa bahay, at para makakuha ng updates & info about COVID-19. @talk2GLOBE @PLDT_Cares ",ganito sitwasyon bansa etong internet services natin maayos ganito kabagal kasi internet kakapitan tao stay bahay makakuha updates info covid,2020-03-15,14:49:50+00:00,https://twitter.com/rlink21/status/1239202151307460608
Info on Covid! #COVIDー19,info covid,2020-03-16,02:19:25+00:00,https://twitter.com/jenasis818/status/1239375689469456384
Sa dinami dami ng credible sources ng info about Covid-19 dun ka pa talaga naniwala sa kumakalat na chain message sa fb messenger?,dinami dami credible sources info covid dun naniwala kumakalat chain message fb messenger,2020-03-12,00:29:06+00:00,https://twitter.com/huykalbo/status/1237898377947275266
Sorry po but UNICEF never released the ones spreading in socmed as clarified by UNICEF PH. Always refer to WHO or CDC for info about Covid po.,sorry unicef never released ones spreading socmed clarified unicef ph always refer cdc info covid,2020-03-09,16:05:35+00:00,https://twitter.com/ChocolateDazed/status/1237046883953999872
"Via @DOHgovph Ang mga matatanda, buntis, at may medikal na kondisyon ay kailangan umiwas sa matataong lugar at malawakang pagtitipon upang makaiwas sa COVID-19. #TaongBahay #TaongBayani",via matatanda buntis medikal kondisyon umiwas matataong lugar malawakang pagtitipon upang makaiwas covid,2020-03-17,01:04:54+00:00,https://twitter.com/roymarkcorrales/status/1239719323712643072
African Swine Fever × COVID-19 × Bird Flu This is devastating.,african swine fever covid bird flu devastating,2020-03-16,06:35:11+00:00,https://twitter.com/trixierious/status/1239440055275421699
"Binay: I will still continue with my 14-day quarantine. Hindi pa po tapos ang laban natin kontra sa COVID-19, and we don’t want to have a false sense of security",binay still continue day quarantine tapos natin kontra covid dont false sense security,2020-03-17,03:51:31+00:00,https://twitter.com/kim_badbadon/status/1239761255499358208
Kontra COVID 19 daw hahahaha.. Ginmansi ,kontra covid daw ginmansi,2020-03-19,15:25:46+00:00,https://twitter.com/murdoc_parker/status/1240660745106284546
Nakakabahala yung covid hays ingat ..,nakakabahala covid hays,2020-03-12,09:06:03+00:00,https://twitter.com/acmanolong/status/1238028472133378048
"Sumobra na pahinga ko huhu, COVID-19 stop kana please namimiss ko na work ko huhu.",sumobra pahinga covid stop kana please namimiss work,2020-03-19,12:10:39+00:00,https://twitter.com/loveLizamae/status/1240611643345625088
"Fam, with regards to the STRICT SOCIAL DISTANCING measures now pero worried on what to do & HAVE BEEN EXPERIENCING SYMPTOMS similar to COVID - my DM is open for inquiries &amp; questions. This is the least that I can do to help. I’m not in the frontline but I’m attending to my Tito +",fam regards strict social distancing measures worried experiencing symptoms similar covid dm open inquiries questions least help frontline attending tito,2020-03-15,04:09:27+00:00,https://twitter.com/jetzki06/status/1239040990490398721
Miss ko bebe ko tanginaa naman ng covid 19 nayarnnn diko sya makakasama ng matagal ,miss bebe tanginaa covid nayarnnn diko sya makakasama matagal,2020-03-12,15:05:31+00:00,https://twitter.com/dennystheticc_/status/1238118933036593152
hindi ko makuha ang esensya na ang gustong solusyon ng marami kontra CoViD-19 ay ang patalsikin si PRRD at wag sundin yung bilin. srsly guys? ,makuha esensya gustong solusyon kontra covid patalsikin prrd sundin bilin srsly guys,2020-03-13,08:05:28+00:00,https://twitter.com/KrysPublika/status/1238375611166371841
Hindi nako natutuwa sa covid nayan,nako natutuwa covid nayan,2020-03-17,10:39:54+00:00,https://twitter.com/adrnnecruz/status/1239864027506851840
"MISS, KASO DI KA NAMAN NA LUMALABAS KAHIT WALANG COVID-19 E HAHAHAHAAHAHAHAHA",miss kaso lumalabas covid hahahahaahahahaha,2020-03-19,09:56:53+00:00,https://twitter.com/shxlleanne/status/1240577979551338498
nabubulok na ko sa binangonan anunaa tangina covid 19 bwisit ka,nabubulok binangonan anunaa covid bwisit,2020-03-17,13:05:07+00:00,https://twitter.com/elayshakristi/status/1239900573031223298
"hoy @pearlblnctmo bait,talino tas chix tas sarap mo pa arat na inom na, covid lang yan sus HAHAHAHAHA jk, ss sa inyo duke covid lang yan teh char Keep slaying siz, more walwalan to come!! ",hoy bait talino chix sarap mo arat covid yan jk ss inyo duke covid yan char keep slaying walwalan,2020-03-21,18:48:09+00:00,https://twitter.com/nariojuliaaa/status/1241436452719702017
"Happy, happy birthday robiesianquita I wish for your great health (especially kontra COVID) and less stress para no more stress-rashes and you get to reserve your high pitch tone just for videoke! Luv yah ghorl! … https://www.instagram.com/p/B9tYEMfH55Z/?igshid=hngyz086z2ks",happy happy birthday robiesianquita wish great health especially kontra covid less stress stress rashes get reserve high pitch tone videoke luv yah ghorl,2020-03-14,09:27:27+00:00,https://twitter.com/ohkayeg/status/1238758630935023616
Parang mas kailangan pa atang i-suggest na wag maniwala at magshare sa fakenews abt NCOV kesa sa pagsusuot ng face mask...,parang atang suggest maniwala magshare fakenews abt ncov kesa pagsusuot mask,2020-03-11,13:52:19+00:00,https://twitter.com/justine_cstll/status/1237738122013585409
Nakakalungkot lang kasi pati pagsamba kailangan muna itigil para lang makaiwas sa Covid-19 ,nakakalungkot kasi pati pagsamba muna itigil makaiwas covid,2020-03-16,18:31:32+00:00,https://twitter.com/ellamaxenee/status/1239620332673060866
"Sinuspended para makaiwas sa COVID-19, ndi para gumala HAHAHakdog",sinuspended makaiwas covid ndi gumala hahahakdog,2020-03-10,04:57:45+00:00,https://twitter.com/avrylemalik93/status/1237241206523826176
Marami na tayong paalala sa mga tao upang makaiwas sa COVID-19. Tandaan lang natin na iwasan na ninyong hawakan yung taong bibitawan ka lang din.,tayong paalala tao upang makaiwas covid tandaan natin iwasan ninyong hawakan taong bibitawan,2020-03-17,14:00:03+00:00,https://twitter.com/MarkArtugz/status/1239914398342234116
"Di pinapasok para makaiwas sa covid 19, tas nakasalubong kami ni mam na nag gagala dito sa gupiing ",pinapasok makaiwas covid nakasalubong mam nag gagala gupiing,2020-03-10,09:45:54+00:00,https://twitter.com/_gibchun/status/1237313723426959360
"Hindi pa nag papapasok so LRT, 6AM pa daw ang operation. Bakit ganun! Lalong maiipon mga tao nyan. Ok na nga ung dating schedule eh!!! Yan ba ang solusyon nyo para makaiwas sa COVID-19! EH LALONG DUMAMI ANG TAO! ",nag papapasok lrt 6am daw operation ganun lalong maiipon tao nyan ok nga dating schedule yan solusyon nyo makaiwas covid lalong dumami tao,2020-03-12,21:52:41+00:00,https://twitter.com/ellababe003/status/1238221401019932672
"""Tip para makaiwas covid-19. Umiwas muna sa mga pampublikong transportation"" Hearing this while on the bus this morning... ",tip makaiwas covid umiwas muna pampublikong transportation hearing bus morning,2020-03-10,22:29:34+00:00,https://twitter.com/Croissant_jp/status/1237505904506884096
"Kung kailangan pinaka-kailangan ang tubig para makaiwas sa COVID, tsaka naman walang tubig. Keep uo naman tayo @maynilad.",pinaka tubig makaiwas covid tsaka tubig keep uo,2020-03-13,10:00:36+00:00,https://twitter.com/VoodooMatrix/status/1238404584436928512
Para makaiwas sa covid-19 iwasan nyong hawakan yung taong bibitawan ka lang din.,makaiwas covid iwasan nyong hawakan taong bibitawan,2020-03-17,17:01:10+00:00,https://twitter.com/superjiro_/status/1239959978867187713
Araw araw na nga ako mag-jajak*l para makaiwas CoVid.,araw araw nga jajak makaiwas covid,2020-03-12,15:30:13+00:00,https://twitter.com/EngineerDoctora/status/1238125149636812805
Na touch naman ako tawag na sila ng tawag kina kamusta ako OK lang OK lang yan nak may ncov pa dun baka dun ka na denied.,touch tawag tawag kina kamusta ok ok yan nak ncov dun baka dun denied,2020-02-18,14:36:05+00:00,https://twitter.com/MBLRCanlas/status/1229776606584901632
"Kahit ano gawin mo di ka naman kakapitan ng ncov, sino ba nag stay sayo? Lahat naman iniiwan ka diba?",gawin mo kakapitan ncov nag stay sayo iniiwan diba,2020-03-10,14:45:15+00:00,https://twitter.com/RudolfDaRedNose/status/1237389056729681925
"at sa dami ng nakasalamuha naming tao, posibleng isa sa kanila infected na ni mareng covid sana lang talag hindi.",dami nakasalamuha naming tao posibleng infected mareng covid talag,2020-03-11,09:50:47+00:00,https://twitter.com/noticemebunso/status/1237677338692702208
Daming ginagawa biro yung COVID-19,daming biro covid,2020-03-10,01:47:11+00:00,https://twitter.com/GalidoSteffan/status/1237193249036460032
Parang last wk lang we were enjoying the breeze of Baguio. Ngayon laganap na ang COVID-19 that was fast!,parang last wk enjoying breeze baguio laganap covid fast,2020-03-13,18:14:13+00:00,https://twitter.com/abilacorte/status/1238528810569453568
Self quarantine ng mag-isa ay di biro Covid-19 umalis ka sa Pinas please Miss ko na Ba be ko ,self quarantine biro covid umalis pinas please miss,2020-03-18,13:56:22+00:00,https://twitter.com/rongcalpj/status/1240275859153408000
"Tagging the local and national government, kung pwede po ay magtotal lockdown muna or magsuspend ng mga pasok para kahit papaano hindi lalaganap ang Covid-19, hihintayin pa ba natin hindi makayanan tugunan ng mga experto bago tayo kikilos? ",tagging local national government pwede magtotal lockdown muna magsuspend pasok papaano lalaganap covid hihintayin natin makayanan tugunan experto kikilos,2020-03-09,03:38:40+00:00,https://twitter.com/CatolicoKurt/status/1236858917386358786
BAKIT ANG DAMING PILIPINONG GINAGAWA LANG BIRO ANG COVID!??!??!??? COVID IS NOT A JOKE,daming pilipinong biro covid covid joke,2020-03-12,09:24:15+00:00,https://twitter.com/alexismacaraeg/status/1238033052460187649
Lord sa panahon ngayon na laganap yung Covid bigyan mo po ako ng lakas para makapag save pa ng mga tao #GodsPlan #InsurePeople #GodGivenMission #HelpMeSaveMoreLives,lord laganap covid bigyan mo lakas makapag save tao,2020-03-09,09:44:29+00:00,https://twitter.com/ConstanteCliff/status/1236950979074916352
"Makati Mayor Abby Binay: Hindi po ako nanakot, ako po ay nakikusap. Hindi po biro ang COVID-19",makati mayor abby binay nanakot nakikusap biro covid,2020-03-15,10:38:42+00:00,https://twitter.com/kim_badbadon/status/1239138949752164352
Hahaha happy sana kaso may laganap na Covid-19 sa labas. ,happy kaso laganap covid labas,2020-03-13,07:43:20+00:00,https://twitter.com/jekventures/status/1238370040853848070
"Thank you Mayor Joy Belmonte at least we know kung ano ang meron at wala. See you sa 2022 election. For now, let’s focus sa Covid-19.",thank mayor joy belmonte least know meron see election lets focus covid,2020-03-20,07:01:24+00:00,https://twitter.com/Xander_0720/status/1240896205653028864
"Hi Mayor Joy @officialqcmayor , please clarify regarding employees like me who work in Makati but QC residents, for example. Hindi n po kmi pwede lumabas ng QC to work? #Covid_19",hi mayor joy please clarify regarding employees like work makati qc residents example kmi pwede lumabas qc work,2020-03-13,04:28:50+00:00,https://twitter.com/scorpio1070/status/1238321096039862272
Mayor Joy parang mas gugustuhin q nalang mahawaan ng Covid 19 para gumalaw galaw kana dyan,mayor joy parang gugustuhin mahawaan covid gumalaw galaw kana dyan,2020-03-09,10:56:13+00:00,https://twitter.com/Euvsqtielicious/status/1236969030684045312
"Quezon City, naitala na ang unang kaso ng COVID-19 kinumpirma mismo ni Mayor Joy Belmonte ngayong umaga sa DZMM. #COVID19",quezon city naitala unang kaso covid kinumpirma mayor joy belmonte ngayong umaga dzmm,2020-03-09,01:06:11+00:00,https://twitter.com/DonBuenvenida/status/1236820544252592128
"Mayor Joy be like. "" I already announced that there’s positive case of covid 19 in QC.. that’s it..Im done"" ",mayor joy like already announced theres positive case covid qc thats done,2020-03-09,13:19:16+00:00,https://twitter.com/GaileeBunnyBeam/status/1237005031653556225
Quezon City Mayor Joy Belmonte meets with all top barangay officials of the city to discuss actions to be taken vs #NCov. ,quezon city mayor joy belmonte meets top barangay officials city discuss actions taken vs,2020-02-04,06:07:25+00:00,https://twitter.com/Jasmin_Romero/status/1224575164421042176
Jusko positive na COVID-19 dito sa QC. Ano na Mayor Joy? ,jusko positive covid qc mayor joy,2020-03-09,01:40:09+00:00,https://twitter.com/gnnsrrno/status/1236829093498241024
Bakit hindi trending si Mayor Joy dami hanash.. Mukhang lahat ng galit sa gobyerno taga QC. #Covid_19 #QuaratineLife #QuaratineLife,trending mayor joy dami hanash mukhang galit gobyerno taga qc,2020-03-21,23:27:13+00:00,https://twitter.com/murdoc_parker/status/1241506682384961536
